{"config": {"model_config": {"input_size": 6, "hidden_size": 64, "num_layers": 2, "rnn_arch": "LSTM", "use_attn": true, "dropout": 0.0}, "tra_config": {"num_states": 3, "rnn_arch": "LSTM", "hidden_size": 32, "num_layers": 1, "dropout": 0.0, "tau": 1.0, "src_info": "LR_TPE"}, "model_type": "RNN", "lr": 0.001, "n_epochs": 500, "early_stop": 20, "max_steps_per_epoch": null, "lamb": 1.0, "rho": 0.99, "alpha": 0.5, "seed": 0, "logdir": "output/basic_nasdaq", "pretrain": true, "init_state": null, "transport_method": "router", "use_daily_transport": false}, "best_eval_metric": -0.022043895717923374, "metrics": {"train": {"MSE": 0.16494729834565547, "MAE": 0.3305160611564249, "IC": 0.009894077926536564, "ICIR": 0.06736011684278644}, "valid": {"MSE": 0.1630271532639408, "MAE": 0.32814021903994683, "IC": 0.021777984721741618, "ICIR": 0.1676718904431216}, "test": {"MSE": 0.16585780692850302, "MAE": 0.3323904482244384, "IC": 0.004757780735875184, "ICIR": 0.03742974975497614}}}