{"config": {"model_config": {"input_size": 20, "hidden_size": 64, "num_layers": 2, "rnn_arch": "LSTM", "use_attn": true, "dropout": 0.0}, "tra_config": {"num_states": 3, "rnn_arch": "LSTM", "hidden_size": 32, "num_layers": 1, "dropout": 0.0, "tau": 1.0, "src_info": "LR_TPE"}, "model_type": "RNN", "lr": 0.001, "n_epochs": 100, "early_stop": 20, "max_steps_per_epoch": null, "lamb": 1.0, "rho": 0.99, "alpha": 0.5, "seed": 1000, "logdir": "output/Alpha158", "pretrain": true, "init_state": null, "transport_method": "router", "use_daily_transport": false}, "best_eval_metric": -0.08470422144489398, "metrics": {"train": {"MSE": 0.1433955663628022, "MAE": 0.301708377670224, "IC": 0.1402756171605824, "ICIR": 1.1293286921913437}, "valid": {"MSE": 0.15327010694063384, "MAE": 0.3135553208142956, "IC": 0.0847108668341421, "ICIR": 0.5989007403193818}, "test": {"MSE": 0.1581362564114818, "MAE": 0.31825955169241765, "IC": 0.05173863025899368, "ICIR": 0.42697880385531434}}}