{"config": {"model_config": {"input_size": 20, "hidden_size": 64, "num_layers": 2, "rnn_arch": "LSTM", "use_attn": true, "dropout": 0.0}, "tra_config": {"num_states": 3, "rnn_arch": "LSTM", "hidden_size": 32, "num_layers": 1, "dropout": 0.0, "tau": 1.0, "src_info": "LR_TPE"}, "model_type": "RNN", "lr": 0.001, "n_epochs": 100, "early_stop": 20, "max_steps_per_epoch": null, "lamb": 1.0, "rho": 0.99, "alpha": 0.5, "seed": 0, "logdir": "output/nasdaq", "pretrain": true, "init_state": null, "transport_method": "router", "use_daily_transport": false}, "best_eval_metric": -0.018835510396680803, "metrics": {"train": {"MSE": 0.1649264457232278, "MAE": 0.32980744350716984, "IC": 0.01007737174190328, "ICIR": 0.07202599124013037}, "valid": {"MSE": 0.1635364398056405, "MAE": 0.32850336971472327, "IC": 0.018633821450045027, "ICIR": 0.14156242075157502}, "test": {"MSE": 0.1662341223990954, "MAE": 0.3320148243531722, "IC": 0.002469623267599199, "ICIR": 0.01857615755396689}}}