{"config": {"model_config": {"input_size": 20, "hidden_size": 64, "num_layers": 2, "rnn_arch": "LSTM", "use_attn": true, "dropout": 0.0}, "tra_config": {"num_states": 3, "rnn_arch": "LSTM", "hidden_size": 32, "num_layers": 1, "dropout": 0.0, "tau": 1.0, "src_info": "LR_TPE"}, "model_type": "RNN", "lr": 0.001, "n_epochs": 500, "early_stop": 20, "max_steps_per_epoch": null, "lamb": 1.0, "rho": 0.99, "alpha": 0.5, "seed": 0, "logdir": "output/us_158_nassp_epoch500", "pretrain": true, "init_state": null, "transport_method": "router", "use_daily_transport": false}, "best_eval_metric": -0.010839238727337185, "metrics": {"train": {"MSE": 0.1564109127158365, "MAE": 0.317927733351755, "IC": 0.06303479074181498, "ICIR": 0.5636743152098128}, "valid": {"MSE": 0.16497585402968623, "MAE": 0.32777539815180706, "IC": 0.010812885767768392, "ICIR": 0.10389121803663823}, "test": {"MSE": 0.16558016049005717, "MAE": 0.32978654416018804, "IC": 0.0067908744011199425, "ICIR": 0.06618136881910144}}}